use apartment;
-- Insert 5 additional accounts with role 'user'
INSERT INTO accounts (id, username, password, email, phoneNum, role) VALUES
(1, 'admin', '$2a$12$.d.prbGywaxlKl8eGcGPgeHOzd2lpV0Vxu1HNPyJzYcu1KS7diw2q', 'user00@example.com', '0912345688', 'manager'),
(3, 'user01', '$2a$12$.d.prbGywaxlKl8eGcGPgeHOzd2lpV0Vxu1HNPyJzYcu1KS7diw2q', 'user01@example.com', '0912345678', 'user'),
(4, 'user02', '$2a$12$.d.prbGywaxlKl8eGcGPgeHOzd2lpV0Vxu1HNPyJzYcu1KS7diw2q', 'user02@example.com', '0912345679', 'user'),
(5, 'user03', '$2a$12$.d.prbGywaxlKl8eGcGPgeHOzd2lpV0Vxu1HNPyJzYcu1KS7diw2q', 'user03@example.com', '0912345680', 'user'),
(6, 'user04', '$2a$12$.d.prbGywaxlKl8eGcGPgeHOzd2lpV0Vxu1HNPyJzYcu1KS7diw2q', 'user04@example.com', '0912345681', 'user'),
(7, 'user05', '$2a$12$.d.prbGywaxlKl8eGcGPgeHOzd2lpV0Vxu1HNPyJzYcu1KS7diw2q', 'user05@example.com', '0912345682', 'user'),
(8, 'user06', '$2a$12$.d.prbGywaxlKl8eGcGPgeHOzd2lpV0Vxu1HNPyJzYcu1KS7diw2q', 'user06@example.com', '0912345614', 'user'),
(9, 'user07', '$2a$12$.d.prbGywaxlKl8eGcGPgeHOzd2lpV0Vxu1HNPyJzYcu1KS7diw2q', 'user07@example.com', '0912345685', 'user'),
(10, 'user08', '$2a$12$.d.prbGywaxlKl8eGcGPgeHOzd2lpV0Vxu1HNPyJzYcu1KS7diw2q', 'user08@example.com', '0912345636', 'user'),
(11, 'user09', '$2a$12$.d.prbGywaxlKl8eGcGPgeHOzd2lpV0Vxu1HNPyJzYcu1KS7diw2q', 'user09@example.com', '0912345648', 'user'),
(12, 'user10', '$2a$12$.d.prbGywaxlKl8eGcGPgeHOzd2lpV0Vxu1HNPyJzYcu1KS7diw2q', 'user10@example.com', '0912345628', 'user');

-- Insert 5 additional personal_info records corresponding to the new accounts
INSERT INTO personal_info (person_id, full_name, gender, dob, phoneNum, email, id_card) VALUES
(1, 'Trần Thị B', 'Nữ', '1996-03-20', '0912345678', 'user01@example.com', '001199603200'),
(2, 'Lê Văn C', 'Nam', '1997-07-12', '0912345679', 'user02@example.com', '001199707120'),
(3, 'Phạm Thị D', 'Nữ', '1998-11-25', '0912345680', 'user03@example.com', '001199811250'),
(4, 'Hoàng Văn E', 'Nam', '1994-02-14', '0912345681', 'user04@example.com', '001199402140'),
(5, 'Nguyễn Thị F', 'Nữ', '1993-09-30', '0912345682', 'user05@example.com', '001199309300'),
(6, 'Trần Văn A', 'Nam', '1996-03-20', '0912345614', 'user06@example.com', '001199603201'),
(7, 'Lê Thị Z', 'Nữ', '1997-07-12', '0912345685', 'user07@example.com', '001199707121'),
(8, 'Phạm Văn T', 'Nam', '1998-11-25', '0912345636', 'user08@example.com', '001199811251'),
(9, 'Bùi Văn E', 'Nam', '1994-02-14', '0912345648', 'user09@example.com', '001199402141'),
(10, 'Huỳnh Thị F', 'Nữ', '1993-09-30', '0912345628', 'user10@example.com', '001199309301');


-- Insert 5 additional apartments
INSERT INTO apartments (
    apartment_id, apartmentIndex, floor, building, 
    num_rooms, num_wcs, interior, status, area, 
    rent_price, purchase_price
) VALUES
(101, 6, 3, 'A', 3, 2, 'Đầy đủ', 'Đã thuê', 85.00, 9000000.00, 1800000000.00),
(102, 7, 4, 'B', 2, 1, 'Cơ bản', 'Đã thuê', 70.00, 8500000.00, 1400000000.00),
(103, 8, 5, 'A', 4, 2, 'Đầy đủ', 'Đã thuê', 100.00, 10000000.00, 2500000000.00),
(104, 9, 6, 'B', 2, 1, 'Cơ bản', 'Đã thuê', 65.00, 7000000.00, 1300000000.00),
(105, 10, 7, 'A', 3, 2, 'Đầy đủ', 'Đã thuê', 90.00, 9000000.00, 2000000000.00),
(106, 8, 3, 'B', 3, 2, 'Đầy đủ', 'Đã bán', 85.00, 9000000.00, 1800000000.00),
(107, 5, 4, 'C', 2, 1, 'Cơ bản', 'Đã bán', 70.00, 6000000.00, 1400000000.00),
(108, 8, 5, 'B', 4, 2, 'Đầy đủ', 'Đã bán', 100.00, 10000000.00, 2500000000.00),
(109, 9, 2, 'C', 2, 1, 'Cơ bản', 'Đã bán', 65.00, 6000000.00, 1300000000.00),
(110, 10, 3, 'A', 3, 2, 'Đầy đủ', 'Đã bán', 90.00, 8000000.00, 2000000000.00);

INSERT INTO apartment_images (apartment_id, image_url) VALUES
(101, 'C:\Users\Nguyen\Downloads\cc1.png'),
(102, 'C:\Users\Nguyen\Downloads\cc2.png'),
(103, 'C:\Users\Nguyen\Downloads\cc3.png'),
(104, 'C:\Users\Nguyen\Downloads\cc4.png'),
(105, 'C:\Users\Nguyen\Downloads\cc5.png'),
(106, 'C:\Users\Nguyen\Downloads\cc1.png'),
(107, 'C:\Users\Nguyen\Downloads\cc2.png'),
(108, 'C:\Users\Nguyen\Downloads\cc3.png'),
(109, 'C:\Users\Nguyen\Downloads\cc4.png'),
(110, 'C:\Users\Nguyen\Downloads\cc5.png');



-- Insert 5 additional residents
INSERT INTO residents (resident_id, apartment_id, user_id, person_id) VALUES
(1, 101, 3, 1),
(2, 102, 4, 2),
(3, 103, 5, 3),
(4, 104, 6, 4),
(5, 105, 7, 5),
(6, 106, 8, 6),
(7, 107, 9, 7),
(8, 108, 10, 8),
(9, 109, 11, 9),
(10, 110, 12, 10);

-- Insert 5 additional contracts
INSERT INTO contracts (
    contract_id, apartment_id, resident_id, contract_type, 
    start_date, end_date, contract_value, contract_status
) VALUES
(1, 101, 1, 'Cho thuê', '2025-01-01', '2025-07-01', 0, 'Hiệu lực'),
(2, 102, 2, 'Cho thuê', '2025-01-01', '2025-09-01', 0, 'Hiệu lực'),
(3, 103, 3, 'Cho thuê', '2025-01-01', '2025-08-01', 0, 'Hiệu lực'),
(4, 104, 4, 'Cho thuê', '2025-01-01', '2025-09-01', 0, 'Hiệu lực'),
(5, 105, 5, 'Cho thuê', '2025-01-01', '2025-09-01', 0, 'Hiệu lực'),
(6, 106, 6, 'Mua bán', '2025-01-01', '2085-01-01', 0, 'Hiệu lực'),
(7, 107, 7, 'Mua bán', '2025-01-01', '2085-01-01', 0, 'Hiệu lực'),
(8, 108, 8, 'Mua bán', '2025-01-01', '2085-01-01', 0, 'Hiệu lực'),
(9, 109, 9, 'Mua bán', '2025-01-01', '2085-01-01', 0, 'Hiệu lực'),
(10, 110, 10, 'Mua bán', '2025-01-01', '2085-01-01', 0, 'Hiệu lực');

-- Insert 10 additional bills
INSERT INTO bills (bill_id, resident_id, bill_date, due_date, total_amount, status) VALUES
(1, 1, '2025-02-01', '2025-02-10', 0, 'Đã thanh toán'),
(2, 2, '2025-02-01', '2025-02-10', 0, 'Chưa thanh toán'),
(3, 3, '2025-02-01', '2025-02-10', 0, 'Đã thanh toán'),
(4, 4, '2025-02-01', '2025-02-10', 0, 'Đã thanh toán'),
(5, 5, '2025-02-01', '2025-02-10', 0, 'Đã thanh toán'),
(6, 6, '2025-02-01', '2025-02-10', 0, 'Đã thanh toán'),
(7, 7, '2025-02-01', '2025-02-10', 0, 'Đã thanh toán'),
(8, 8, '2025-02-01', '2025-02-10', 0, 'Đã thanh toán'),
(9, 9, '2025-02-01', '2025-02-10', 0, 'Đã thanh toán'),
(10, 10, '2025-02-01', '2025-02-10', 0, 'Đã thanh toán'),

(11, 1, '2025-03-01', '2025-03-10', 0, 'Đã thanh toán'),
(12, 2, '2025-03-01', '2025-03-10', 0, 'Đã thanh toán'),
(13, 3, '2025-03-01', '2025-03-10', 0, 'Đã thanh toán'),
(14, 4, '2025-03-01', '2025-03-10', 0, 'Đã thanh toán'),
(15, 5, '2025-03-01', '2025-03-10', 0, 'Đã thanh toán'),
(16, 6, '2025-03-01', '2025-03-10', 0, 'Đã thanh toán'),
(17, 7, '2025-03-01', '2025-03-10', 0, 'Đã thanh toán'),
(18, 8, '2025-03-01', '2025-03-10', 0, 'Đã thanh toán'),
(19, 9, '2025-03-01', '2025-03-10', 0, 'Đã thanh toán'),
(20, 10, '2025-03-01', '2025-03-10', 0, 'Đã thanh toán'),

(21, 1, '2025-04-01', '2025-04-10', 0, 'Đã thanh toán'),
(22, 2, '2025-04-01', '2025-04-10', 0, 'Đã thanh toán'),
(23, 3, '2025-04-01', '2025-04-10', 0, 'Đã thanh toán'),
(24, 4, '2025-04-01', '2025-04-10', 0, 'Đã thanh toán'),
(25, 5, '2025-04-01', '2025-04-10', 0, 'Đã thanh toán'),
(26, 6, '2025-04-01', '2025-04-10', 0, 'Đã thanh toán'),
(27, 7, '2025-04-01', '2025-04-10', 0, 'Đã thanh toán'),
(28, 8, '2025-04-01', '2025-04-10', 0, 'Đã thanh toán'),
(29, 9, '2025-04-01', '2025-04-10', 0, 'Đã thanh toán'),
(30, 10, '2025-04-01', '2025-04-10', 0, 'Đã thanh toán'),

(31, 1, '2025-05-01', '2025-05-10', 0, 'Đã thanh toán'),
(32, 2, '2025-05-01', '2025-05-10', 0, 'Chưa thanh toán'),
(33, 3, '2025-05-01', '2025-05-10', 0, 'Chưa thanh toán'),
(34, 4, '2025-05-01', '2025-05-10', 0, 'Đã thanh toán'),
(35, 5, '2025-05-01', '2025-05-10', 0, 'Chưa thanh toán'),
(36, 6, '2025-05-01', '2025-05-10', 0, 'Đã thanh toán'),
(37, 7, '2025-05-01', '2025-05-10', 0, 'Chưa thanh toán'),
(38, 8, '2025-05-01', '2025-05-10', 0, 'Đã thanh toán'),
(39, 9, '2025-05-01', '2025-05-10', 0, 'Chưa thanh toán'),
(40, 10, '2025-05-01', '2025-05-10', 0, 'Đã thanh toán');

INSERT INTO services (service_id, service_name, service_type, relevant, price, unit, description) VALUES
(1, 'Phí quản lý', 'Cố định', 'Căn hộ', 8000.00, 'm2', 'Phí quản lý căn hộ hàng tháng'),
(2, 'Điện sinh hoạt', 'Tính theo sử dụng', 'Căn hộ', 3500.00, 'kWh', 'Tiền điện theo đồng hồ đo'),
(3, 'Nước sinh hoạt', 'Tính theo sử dụng', 'Căn hộ', 15000.00, 'm3', 'Tiền nước theo sử dụng'),
(4, 'Internet', 'Tính theo sử dụng', 'Cá nhân', 100000.00, 'Tháng', 'Phí internet cho cư dân chung cư'),
(5, 'Phí gửi xe máy', 'Cố định', 'Cá nhân', 100000.00, 'Tháng', 'Phí gửi xe máy'),
(6, 'Phí gửi xe ô tô', 'Cố định', 'Cá nhân', 1000000.00, 'Tháng', 'Phí gửi xe ô tô'),
(7, 'Phí rác', 'Cố định', 'Căn hộ', 30000.00, 'Tháng', 'Phí dọn rác gia đình'),
(8, 'Phí tập gym', 'Cố định', 'Cá nhân', 250000.00, 'Tháng', 'Phí đăng tý tập gym'),
(9, 'Phí giặt ủi', 'Tính theo sử dụng', 'Cá nhân', 20000.00, 'kg', 'Phí giặt ủi tính theo số kg quần áo');


-- Insert bill details for users
INSERT INTO bill_Detail_Users (id, bill_id, service_id, quantity) VALUES
(1, 1, 1, 1), (2, 1, 2, 100), (3, 1, 3, 11), (5, 1, 7, 1), (4, 1, 4, 1), 
(6, 2, 1, 1), (7, 2, 2, 80), (8, 2, 3, 7), (9, 2, 7, 1), (10, 2, 8, 1),
(11, 3, 1, 1), (12, 3, 2, 90), (13, 3, 3, 10), (14, 3, 7, 1), (15, 3, 4, 1),
(16, 4, 1, 1), (17, 4, 2, 85), (18, 4, 3, 9), (19, 4, 7, 1), (20, 4, 5, 1),
(21, 5, 1, 1), (22, 5, 2, 95), (23, 5, 3, 12), (24, 5, 7, 1), (25, 5, 6, 1),
(26, 6, 1, 1), (27, 6, 2, 70), (28, 6, 3, 8), (29, 6, 7, 1),
(30, 7, 1, 1), (31, 7, 2, 110), (32, 7, 3, 13), (33, 7, 7, 1), (34, 7, 8, 1),
(35, 8, 1, 1), (36, 8, 2, 100), (37, 8, 3, 10), (38, 8, 7, 1),
(39, 9, 1, 1), (40, 9, 2, 80), (41, 9, 3, 7), (42, 9, 7, 1),
(43, 10, 1, 1), (44, 10, 2, 90), (45, 10, 3, 11), (46, 10, 7, 1), (47, 10, 5, 1),
(48, 11, 1, 1), (49, 11, 2, 85), (50, 11, 3, 8), (51, 11, 7, 1), (52, 11, 4, 1),
(53, 12, 1, 1), (54, 12, 2, 95), (55, 12, 3, 10), (56, 12, 7, 1),
(57, 13, 1, 1), (58, 13, 2, 100), (59, 13, 3, 12), (60, 13, 7, 1), (61, 13, 6, 1),
(62, 14, 1, 1), (63, 14, 2, 90), (64, 14, 3, 11), (65, 14, 7, 1),
(66, 15, 1, 1), (67, 15, 2, 105), (68, 15, 3, 13), (69, 15, 7, 1), (70, 15, 8, 1),
(71, 16, 1, 1), (72, 16, 2, 75), (73, 16, 3, 9), (74, 16, 7, 1),
(75, 17, 1, 1), (76, 17, 2, 80), (77, 17, 3, 7), (78, 17, 7, 1),
(79, 18, 1, 1), (80, 18, 2, 90), (81, 18, 3, 10), (82, 18, 7, 1), (83, 18, 5, 1),
(84, 19, 1, 1), (85, 19, 2, 95), (86, 19, 3, 11), (87, 19, 7, 1),
(88, 20, 1, 1), (89, 20, 2, 85), (90, 20, 3, 9), (91, 20, 7, 1), (92, 20, 9, 3),
(93, 21, 1, 1), (94, 21, 2, 100), (95, 21, 3, 10), (96, 21, 7, 1),
(97, 22, 1, 1), (98, 22, 2, 80), (99, 22, 3, 8), (100, 22, 7, 1), (101, 22, 4, 1),
(102, 23, 1, 1), (103, 23, 2, 90), (104, 23, 3, 10), (105, 23, 7, 1),
(106, 24, 1, 1), (107, 24, 2, 110), (108, 24, 3, 13), (109, 24, 7, 1), (110, 24, 6, 1),
(111, 25, 1, 1), (112, 25, 2, 75), (113, 25, 3, 9), (114, 25, 7, 1),
(115, 26, 1, 1), (116, 26, 2, 85), (117, 26, 3, 10), (118, 26, 7, 1),
(119, 27, 1, 1), (120, 27, 2, 100), (121, 27, 3, 11), (122, 27, 7, 1),
(123, 28, 1, 1), (124, 28, 2, 95), (125, 28, 3, 12), (126, 28, 7, 1), (127, 28, 9, 2),
(128, 29, 1, 1), (129, 29, 2, 85), (130, 29, 3, 10), (131, 29, 7, 1),
(132, 30, 1, 1), (133, 30, 2, 90), (134, 30, 3, 11), (135, 30, 7, 1),
(136, 31, 1, 1), (137, 31, 2, 100), (138, 31, 3, 12), (139, 31, 7, 1),
(140, 32, 1, 1), (141, 32, 2, 85), (142, 32, 3, 9), (143, 32, 7, 1),
(144, 33, 1, 1), (145, 33, 2, 90), (146, 33, 3, 10), (147, 33, 7, 1),
(148, 34, 1, 1), (149, 34, 2, 95), (150, 34, 3, 11), (151, 34, 7, 1), (152, 34, 4, 1),
(153, 35, 1, 1), (154, 35, 2, 80), (155, 35, 3, 9), (156, 35, 7, 1),
(157, 36, 1, 1), (158, 36, 2, 100), (159, 36, 3, 13), (160, 36, 7, 1), (161, 36, 5, 1),
(162, 37, 1, 1), (163, 37, 2, 90), (164, 37, 3, 11), (165, 37, 7, 1),
(166, 38, 1, 1), (167, 38, 2, 85), (168, 38, 3, 10), (169, 38, 7, 1),
(170, 39, 1, 1), (171, 39, 2, 95), (172, 39, 3, 12), (173, 39, 7, 1),
(174, 40, 1, 1), (175, 40, 2, 100), (176, 40, 3, 13), (177, 40, 7, 1), (178, 40, 8, 1);

-- Insert bill details for managers
INSERT INTO bill_Detail_Managers (service_name, price, paidDate) VALUES
('Bảo trì thang máy', 2500000, '2025-01-01'),
('Phí phòng cháy chữa cháy', 1000000, '2025-01-01'),
('Bảo trì hệ thống lọc nước', 220000, '2025-01-22'),
('Kiểm định an toàn điện', 250000, '2025-01-23'),
('Chiếu sáng hành lang & tầng hầm', 70000, '2025-01-25'),
('Bảo trì máy bơm nước', 400000, '2025-01-26'),
('Phun thuốc diệt côn trùng định kỳ', 60000, '2025-02-15'),
('Bảo trì hệ thống thoát nước', 125000, '2025-02-16'),
('Trang trí khu vực chung dịp lễ', 50000, '2025-02-16'),
('Bảo trì hệ thống báo động', 250000, '2025-02-26'),
('Chi phí chăm sóc cây cảnh sân vườn', 75000, '2025-02-27'),
('Sửa chữa máy phát điện dự phòng', 140000, '2025-03-12'),
('Chi phí quản lý phần mềm vận hành', 260000, '2025-03-13'),
('Bảo trì hệ thống chống sét', 185000, '2025-03-01'),
('Bảo trì hệ thống camera an ninh', 195000, '2025-03-02'),
('Chi phí tổ chức họp ban quản trị', 140000, '2025-03-10'),
('Chi phí in ấn & truyền thông nội bộ', 70000, '2025-04-11'),
('Hỗ trợ xử lý sự cố khẩn cấp', 250000, '2025-04-12'),
('Phí kiểm định thiết bị PCCC định kỳ', 500000, '2025-04-13'),
('Chi phí vận hành hệ thống báo động', 150000, '2025-04-22');


-- Insert invoice history for paid bills
-- Tháng 2
INSERT INTO invoice_history (history_id, bill_id, paid_date, note) VALUES
(1,  1,  '2025-02-01', 'Đúng hạn'),
(2,  2,  '2025-02-11', 'Quá hạn'),
(3,  3,  '2025-02-03', 'Đúng hạn'),
(4,  4,  '2025-02-12', 'Quá hạn'),
(5,  5,  '2025-02-05', 'Đúng hạn'),
(6,  6,  '2025-02-06', 'Đúng hạn'),
(7,  7,  '2025-02-11', 'Quá hạn'),
(8,  8, '2025-02-08', 'Đúng hạn'),
(9,  9, '2025-02-11', 'Quá hạn'),
(10, 10, '2025-02-10', 'Đúng hạn'),

(11, 11, '2025-03-01', 'Đúng hạn'),
(12, 12, '2025-03-13', 'Quá hạn'),
(13, 13, '2025-03-03', 'Đúng hạn'),
(14, 14, '2025-03-12', 'Quá hạn'),
(15, 15, '2025-03-05', 'Đúng hạn'),
(16, 16, '2025-03-06', 'Đúng hạn'),
(17, 17, '2025-03-12', 'Quá hạn'),
(18, 18, '2025-03-08', 'Đúng hạn'),
(19, 19, '2025-03-11', 'Quá hạn'),
(20, 20, '2025-03-10', 'Đúng hạn'),

(21, 21, '2025-04-01', 'Đúng hạn'),
(22, 22, '2025-04-13', 'Quá hạn'),
(23, 23, '2025-04-03', 'Đúng hạn'),
(24, 24, '2025-04-11', 'Quá hạn'),
(25, 25, '2025-04-05', 'Đúng hạn'),
(26, 26, '2025-04-06', 'Đúng hạn'),
(27, 27, '2025-04-12', 'Quá hạn'),
(28, 28, '2025-04-08', 'Đúng hạn'),
(29, 29, '2025-04-11', 'Quá hạn'),
(30, 30, '2025-04-10', 'Đúng hạn'),

(31, 31, '2025-05-01', 'Đúng hạn'),
(32, 34, '2025-05-11', 'Quá hạn'),
(33, 36, '2025-05-03', 'Đúng hạn'),
(34, 38, '2025-05-04', 'Quá hạn'),
(35, 40, '2025-05-05', 'Đúng hạn');


-- Insert 5 additional accounts with role 'employee'
INSERT INTO accounts (id, username, password, email, phoneNum, role) VALUES
(13, 'employee02', '$2a$12$.d.prbGywaxlKl8eGcGPgeHOzd2lpV0Vxu1HNPyJzYcu1KS7diw2q', 'emp02@example.com', '0912345783', 'employee'),
(14, 'employee03', '$2a$12$.d.prbGywaxlKl8eGcGPgeHOzd2lpV0Vxu1HNPyJzYcu1KS7diw2q', 'emp03@example.com', '0912345784', 'employee'),
(15, 'employee04', '$2a$12$.d.prbGywaxlKl8eGcGPgeHOzd2lpV0Vxu1HNPyJzYcu1KS7diw2q', 'emp04@example.com', '0912345785', 'employee'),
(16, 'employee05', '$2a$12$.d.prbGywaxlKl8eGcGPgeHOzd2lpV0Vxu1HNPyJzYcu1KS7diw2q', 'emp05@example.com', '0912345786', 'employee'),
(17, 'employee06', '$2a$12$.d.prbGywaxlKl8eGcGPgeHOzd2lpV0Vxu1HNPyJzYcu1KS7diw2q', 'emp06@example.com', '0912345787', 'employee'),
(18, 'employee07', '$2a$12$.d.prbGywaxlKl8eGcGPgeHOzd2lpV0Vxu1HNPyJzYcu1KS7diw2q', 'emp07@example.com', '0912345788', 'employee'),
(19, 'employee08', '$2a$12$.d.prbGywaxlKl8eGcGPgeHOzd2lpV0Vxu1HNPyJzYcu1KS7diw2q', 'emp08@example.com', '0912345789', 'employee');

-- Insert 5 additional personal_info records for employees
INSERT INTO personal_info (person_id, full_name, gender, dob, phoneNum, email, id_card) VALUES
(11, 'Trần Văn G', 'Nam', '1990-01-10', '0912345783', 'emp02@example.com', '054123456695'),
(12, 'Lê Thị H', 'Nữ', '1992-04-22', '0912345784', 'emp03@example.com', '054123456696'),
(13, 'Phạm Văn I', 'Nam', '1988-08-15', '0912345785', 'emp04@example.com', '054123456797'),
(14, 'Hoàng Thị J', 'Nữ', '1991-12-05', '0912345786', 'emp05@example.com', '054123456798'),
(15, 'Nguyễn Văn K', 'Nam', '1989-06-18', '0912345787', 'emp06@example.com', '054123456799'),
(16, 'Phạm Thị J', 'Nữ', '1991-12-05', '0912345788', 'emp07@example.com', '054123456748'),
(17, 'Trần Văn K', 'Nam', '1989-06-18', '0912345789', 'emp08@example.com', '054123456709');

-- Insert 5 additional employees
INSERT INTO employees (employee_id, account_id, person_id, position, shift, salary, status) VALUES
(1, 13, 11, 'Bảo vệ', 'Ca tối', 7500000, 'Làm việc'),
(2, 14, 12, 'Lễ tân', 'Ca sáng', 8000000, 'Làm việc'),
(3, 15, 13, 'Dọn dẹp', 'Ca tối', 7000000, 'Làm việc'),
(4, 16, 14, 'Dọn dẹp', 'Ca sáng', 6500000, 'Làm việc'),
(5, 17, 15, 'Lễ tân', 'Ca sáng', 7500000, 'Làm việc'),
(6, 18, 16, 'Lễ tân', 'Ca sáng', 6500000, 'Làm việc'),
(7, 19, 17, 'Bảo vệ', 'Ca sáng', 7500000, 'Làm việc');


INSERT INTO notifications (notification_id, recipant, title, message, notification_type, sentDate, seen) VALUES
(1, 'Nhân viên', 'Cắt điện định kỳ', 'Thông báo cắt điện từ 8h đến 12h ngày 5/5 do bảo trì hệ thống điện.', 'Chung', '2025-05-01', 0),
(2, 'Nhân viên', 'Diễn tập phòng cháy chữa cháy', 'Cư dân vui lòng tham gia diễn tập PCCC lúc 15h ngày 7/5 tại sảnh A.', 'Chung', '2025-05-01', 0),
(3, 'Nhân viên', 'Sự cố mất nước khẩn cấp', 'Do sự cố ống nước vỡ, khu B sẽ mất nước từ 1h đến 6h sáng ngày 2/5.', 'Khẩn cấp', '2025-05-01', 0),
(4, 'Nhân viên', 'Phun thuốc diệt muỗi', 'Ban quản lý sẽ phun thuốc diệt muỗi toàn khu lúc 6h sáng ngày 3/5, đề nghị đóng cửa sổ.', 'Chung', '2025-05-01', 0),
(5, 'Cư dân', 'Sự cố mất nước khẩn cấp', 'Do sự cố ống nước vỡ, khu B sẽ mất nước từ 1h đến 6h sáng ngày 2/5.', 'Khẩn cấp', '2025-05-01', 0),
(6, 'Cư dân', 'Phun thuốc diệt muỗi', 'Ban quản lý sẽ phun thuốc diệt muỗi toàn khu lúc 6h sáng ngày 3/5, đề nghị đóng cửa sổ.', 'Chung', '2025-05-01', 0),
(7, 'Cư dân', 'Sự cố mất nước khẩn cấp', 'Do sự cố ống nước vỡ, khu B sẽ mất nước từ 1h đến 6h sáng ngày 2/5.', 'Khẩn cấp', '2025-05-01', 0),
(8, 'Cư dân', 'Phun thuốc diệt muỗi', 'Ban quản lý sẽ phun thuốc diệt muỗi toàn khu lúc 6h sáng ngày 3/5, đề nghị đóng cửa sổ.', 'Chung', '2025-05-01', 0);

SET SQL_SAFE_UPDATES = 0;

UPDATE contracts c
JOIN apartments a ON c.apartment_id = a.apartment_id
SET c.contract_value = 
    CASE 
        WHEN c.contract_type = 'Cho thuê' THEN a.rent_price
        WHEN c.contract_type = 'Mua bán' THEN a.purchase_price
        ELSE 0
    END;

SET SQL_SAFE_UPDATES = 1;


UPDATE bill_detail_users bdu
JOIN bills b ON bdu.bill_id = b.bill_id
JOIN residents r ON b.resident_id = r.resident_id
JOIN apartments a ON r.apartment_id = a.apartment_id
SET bdu.quantity = a.area
WHERE bdu.service_id = 1;

UPDATE bills b
JOIN (
    SELECT bill_id, SUM(quantity * s.price) AS total
    FROM bill_Detail_Users d
    JOIN services s ON d.service_id = s.service_id
    GROUP BY bill_id
) AS user_total ON b.bill_id = user_total.bill_id
SET b.total_amount = user_total.total;

INSERT INTO attendances (attendance_id, employee_id, attendance_date, check_in_time, check_out_time) VALUES
(1, 1, '2025-01-27', '17:00:00', '02:03:00'),
(2, 1, '2025-01-10', '17:04:00', '01:55:00'),
(3, 1, '2025-01-17', '17:02:00', '02:00:00'),
(4, 1, '2025-01-26', '16:57:00', '02:04:00'),
(5, 1, '2025-01-11', '17:00:00', '02:05:00'),
(6, 1, '2025-01-02', '16:55:00', '02:02:00'),
(7, 1, '2025-01-01', '16:59:00', '02:04:00'),
(8, 1, '2025-01-29', '17:01:00', '02:02:00'),
(9, 1, '2025-01-23', '17:01:00', '02:05:00'),
(10, 1, '2025-01-28', '16:55:00', '01:55:00'),
(11, 1, '2025-01-12', '17:00:00', '02:01:00'),
(12, 1, '2025-01-25', '16:59:00', '01:59:00'),
(13, 1, '2025-01-05', '17:05:00', '02:04:00'),
(14, 1, '2025-01-07', '17:02:00', '02:03:00'),
(15, 1, '2025-01-31', '17:01:00', '01:59:00'),
(16, 1, '2025-01-16', '17:00:00', '01:55:00'),
(17, 1, '2025-01-20', '16:59:00', '02:03:00'),
(18, 1, '2025-01-13', '16:59:00', '01:59:00'),
(19, 1, '2025-01-30', '17:01:00', '01:56:00'),
(20, 1, '2025-01-06', '17:04:00', '01:55:00'),
(21, 1, '2025-01-14', '16:55:00', '02:03:00'),
(22, 1, '2025-01-15', '16:57:00', '02:04:00'),
(23, 1, '2025-01-04', '17:04:00', '01:56:00'),
(24, 1, '2025-01-09', '16:57:00', '01:57:00'),
(25, 1, '2025-01-03', '17:04:00', '01:56:00'),
(26, 2, '2025-01-27', '08:05:00', '17:04:00'),
(27, 2, '2025-01-10', '07:55:00', '16:59:00'),
(28, 2, '2025-01-17', '07:56:00', '17:02:00'),
(29, 2, '2025-01-26', '07:57:00', '17:04:00'),
(30, 2, '2025-01-11', '07:56:00', '17:00:00'),
(31, 2, '2025-01-02', '08:01:00', '16:57:00'),
(32, 2, '2025-01-01', '08:02:00', '16:55:00'),
(33, 2, '2025-01-29', '07:55:00', '17:02:00'),
(34, 2, '2025-01-23', '07:58:00', '17:01:00'),
(35, 2, '2025-01-28', '08:04:00', '17:05:00'),
(36, 2, '2025-01-12', '07:59:00', '17:03:00'),
(37, 2, '2025-01-25', '08:05:00', '17:03:00'),
(38, 2, '2025-01-05', '08:03:00', '16:58:00'),
(39, 2, '2025-01-07', '07:56:00', '16:57:00'),
(40, 2, '2025-01-31', '07:55:00', '16:55:00'),
(41, 2, '2025-01-16', '07:59:00', '16:58:00'),
(42, 2, '2025-01-20', '07:58:00', '17:04:00'),
(43, 2, '2025-01-13', '08:04:00', '17:05:00'),
(44, 2, '2025-01-30', '08:05:00', '17:03:00'),
(45, 2, '2025-01-06', '08:03:00', '16:59:00'),
(46, 2, '2025-01-14', '07:57:00', '17:04:00'),
(47, 2, '2025-01-15', '08:02:00', '16:55:00'),
(48, 2, '2025-01-04', '07:58:00', '17:02:00'),
(49, 2, '2025-01-09', '07:57:00', '17:05:00'),
(50, 2, '2025-01-03', '07:58:00', '16:55:00'),
(51, 3, '2025-01-27', '16:55:00', '02:01:00'),
(52, 3, '2025-01-10', '16:59:00', '01:56:00'),
(53, 3, '2025-01-17', '16:58:00', '01:59:00'),
(54, 3, '2025-01-26', '17:05:00', '02:01:00'),
(55, 3, '2025-01-11', '16:56:00', '02:04:00'),
(56, 3, '2025-01-02', '16:55:00', '01:56:00'),
(57, 3, '2025-01-01', '17:04:00', '02:05:00'),
(58, 3, '2025-01-29', '17:01:00', '01:59:00'),
(59, 3, '2025-01-23', '17:05:00', '02:04:00'),
(60, 3, '2025-01-28', '16:58:00', '02:04:00'),
(61, 3, '2025-01-12', '16:56:00', '02:03:00'),
(62, 3, '2025-01-25', '17:00:00', '01:59:00'),
(63, 3, '2025-01-05', '17:05:00', '02:04:00'),
(64, 3, '2025-01-07', '17:00:00', '02:05:00'),
(65, 3, '2025-01-31', '17:05:00', '02:03:00'),
(66, 3, '2025-01-16', '16:55:00', '01:56:00'),
(67, 3, '2025-01-20', '17:01:00', '01:57:00'),
(68, 3, '2025-01-13', '17:00:00', '01:55:00'),
(69, 3, '2025-01-30', '16:56:00', '01:59:00'),
(70, 3, '2025-01-06', '16:57:00', '01:57:00'),
(71, 3, '2025-01-14', '16:58:00', '02:04:00'),
(72, 3, '2025-01-15', '17:05:00', '02:04:00'),
(73, 3, '2025-01-04', '16:56:00', '02:03:00'),
(74, 3, '2025-01-09', '16:57:00', '02:03:00'),
(75, 3, '2025-01-03', '16:58:00', '01:58:00'),
(76, 4, '2025-01-27', '08:03:00', '16:56:00'),
(77, 4, '2025-01-10', '07:56:00', '16:58:00'),
(78, 4, '2025-01-17', '08:04:00', '17:03:00'),
(79, 4, '2025-01-26', '08:00:00', '17:00:00'),
(80, 4, '2025-01-11', '07:58:00', '17:02:00'),
(81, 4, '2025-01-02', '07:56:00', '16:55:00'),
(82, 4, '2025-01-01', '08:05:00', '17:01:00'),
(83, 4, '2025-01-29', '08:01:00', '16:57:00'),
(84, 4, '2025-01-23', '07:59:00', '17:04:00'),
(85, 4, '2025-01-28', '08:01:00', '17:01:00'),
(86, 4, '2025-01-12', '08:02:00', '16:59:00'),
(87, 4, '2025-01-25', '08:03:00', '16:56:00'),
(88, 4, '2025-01-05', '07:56:00', '17:00:00'),
(89, 4, '2025-01-07', '07:56:00', '16:55:00'),
(90, 4, '2025-01-31', '07:58:00', '16:59:00'),
(91, 4, '2025-01-16', '08:00:00', '16:55:00'),
(92, 4, '2025-01-20', '07:57:00', '16:57:00'),
(93, 4, '2025-01-13', '08:03:00', '16:57:00'),
(94, 4, '2025-01-30', '07:57:00', '17:05:00'),
(95, 4, '2025-01-06', '07:59:00', '17:02:00'),
(96, 4, '2025-01-14', '07:56:00', '17:00:00'),
(97, 4, '2025-01-15', '08:02:00', '17:03:00'),
(98, 4, '2025-01-04', '08:02:00', '17:03:00'),
(99, 4, '2025-01-09', '07:55:00', '17:01:00'),
(100, 4, '2025-01-03', '08:02:00', '17:04:00'),
(101, 5, '2025-01-27', '07:58:00', '16:56:00'),
(102, 5, '2025-01-10', '08:03:00', '16:55:00'),
(103, 5, '2025-01-17', '08:02:00', '17:00:00'),
(104, 5, '2025-01-26', '07:55:00', '16:59:00'),
(105, 5, '2025-01-11', '07:55:00', '16:56:00'),
(106, 5, '2025-01-02', '07:58:00', '17:03:00'),
(107, 5, '2025-01-01', '08:03:00', '16:57:00'),
(108, 5, '2025-01-29', '07:55:00', '16:58:00'),
(109, 5, '2025-01-23', '08:03:00', '17:04:00'),
(110, 5, '2025-01-28', '08:00:00', '16:59:00'),
(111, 5, '2025-01-12', '07:59:00', '17:02:00'),
(112, 5, '2025-01-25', '08:00:00', '16:55:00'),
(113, 5, '2025-01-05', '07:58:00', '16:57:00'),
(114, 5, '2025-01-07', '08:01:00', '17:00:00'),
(115, 5, '2025-01-31', '08:00:00', '16:56:00'),
(116, 5, '2025-01-16', '08:00:00', '16:59:00'),
(117, 5, '2025-01-20', '08:02:00', '17:02:00'),
(118, 5, '2025-01-13', '08:02:00', '17:04:00'),
(119, 5, '2025-01-30', '07:58:00', '17:02:00'),
(120, 5, '2025-01-06', '08:04:00', '16:57:00'),
(121, 5, '2025-01-14', '07:57:00', '16:59:00'),
(122, 5, '2025-01-15', '07:58:00', '16:59:00'),
(123, 5, '2025-01-04', '08:00:00', '17:04:00'),
(124, 5, '2025-01-09', '07:55:00', '16:57:00'),
(125, 5, '2025-01-03', '07:56:00', '17:02:00'),
(126, 6, '2025-01-27', '08:03:00', '17:01:00'),
(127, 6, '2025-01-10', '07:55:00', '17:04:00'),
(128, 6, '2025-01-17', '08:04:00', '16:56:00'),
(129, 6, '2025-01-26', '08:01:00', '17:04:00'),
(130, 6, '2025-01-11', '08:03:00', '16:56:00'),
(131, 6, '2025-01-02', '08:03:00', '16:57:00'),
(132, 6, '2025-01-01', '08:03:00', '17:04:00'),
(133, 6, '2025-01-29', '08:03:00', '16:59:00'),
(134, 6, '2025-01-23', '08:04:00', '17:01:00'),
(135, 6, '2025-01-28', '08:05:00', '17:00:00'),
(136, 6, '2025-01-12', '07:58:00', '16:59:00'),
(137, 6, '2025-01-25', '08:04:00', '16:57:00'),
(138, 6, '2025-01-05', '08:00:00', '17:05:00'),
(139, 6, '2025-01-07', '08:01:00', '16:56:00'),
(140, 6, '2025-01-31', '07:59:00', '17:01:00'),
(141, 6, '2025-01-16', '07:55:00', '17:00:00'),
(142, 6, '2025-01-20', '07:59:00', '16:56:00'),
(143, 6, '2025-01-13', '08:02:00', '16:57:00'),
(144, 6, '2025-01-30', '07:59:00', '17:04:00'),
(145, 6, '2025-01-06', '08:04:00', '16:56:00'),
(146, 6, '2025-01-14', '08:01:00', '17:00:00'),
(147, 6, '2025-01-15', '07:56:00', '16:56:00'),
(148, 6, '2025-01-04', '07:57:00', '16:55:00'),
(149, 6, '2025-01-09', '08:02:00', '17:03:00'),
(150, 6, '2025-01-03', '08:05:00', '17:05:00'),
(151, 7, '2025-01-27', '08:04:00', '17:00:00'),
(152, 7, '2025-01-10', '07:55:00', '17:04:00'),
(153, 7, '2025-01-17', '08:04:00', '16:59:00'),
(154, 7, '2025-01-26', '08:01:00', '17:05:00'),
(155, 7, '2025-01-11', '08:02:00', '17:03:00'),
(156, 7, '2025-01-02', '07:57:00', '17:03:00'),
(157, 7, '2025-01-01', '07:59:00', '17:00:00'),
(158, 7, '2025-01-29', '08:00:00', '17:00:00'),
(159, 7, '2025-01-23', '08:00:00', '17:00:00'),
(160, 7, '2025-01-28', '07:55:00', '17:04:00'),
(161, 7, '2025-01-12', '07:59:00', '16:57:00'),
(162, 7, '2025-01-25', '07:59:00', '17:03:00'),
(163, 7, '2025-01-05', '07:58:00', '16:57:00'),
(164, 7, '2025-01-07', '07:59:00', '16:56:00'),
(165, 7, '2025-01-31', '08:00:00', '17:05:00'),
(166, 7, '2025-01-16', '08:00:00', '16:58:00'),
(167, 7, '2025-01-20', '08:03:00', '17:04:00'),
(168, 7, '2025-01-13', '08:05:00', '16:57:00'),
(169, 7, '2025-01-30', '08:04:00', '17:02:00'),
(170, 7, '2025-01-06', '07:57:00', '16:58:00'),
(171, 7, '2025-01-14', '07:55:00', '17:01:00'),
(172, 7, '2025-01-15', '07:59:00', '17:04:00'),
(173, 7, '2025-01-04', '08:05:00', '17:00:00'),
(174, 7, '2025-01-09', '08:01:00', '16:57:00'),
(175, 7, '2025-01-03', '08:03:00', '16:57:00'),
(176, 1, '2025-02-03', '16:59:00', '02:05:00'),
(177, 1, '2025-02-17', '17:02:00', '02:05:00'),
(178, 1, '2025-02-13', '16:55:00', '01:59:00'),
(179, 1, '2025-02-25', '17:00:00', '02:00:00'),
(180, 1, '2025-02-24', '16:55:00', '02:04:00'),
(181, 1, '2025-02-01', '17:02:00', '01:56:00'),
(182, 1, '2025-02-19', '17:03:00', '01:56:00'),
(183, 1, '2025-02-22', '17:02:00', '01:59:00'),
(184, 1, '2025-02-16', '17:03:00', '01:59:00'),
(185, 1, '2025-02-15', '17:03:00', '01:59:00'),
(186, 1, '2025-02-09', '17:05:00', '01:57:00'),
(187, 1, '2025-02-07', '16:55:00', '02:03:00'),
(188, 1, '2025-02-06', '16:57:00', '02:03:00'),
(189, 1, '2025-02-26', '16:59:00', '02:05:00'),
(190, 1, '2025-02-11', '16:57:00', '01:57:00'),
(191, 1, '2025-02-18', '17:05:00', '01:57:00'),
(192, 1, '2025-02-08', '16:55:00', '01:59:00'),
(193, 1, '2025-02-20', '16:58:00', '01:58:00'),
(194, 1, '2025-02-21', '16:59:00', '02:01:00'),
(195, 1, '2025-02-10', '17:02:00', '01:58:00'),
(196, 1, '2025-02-02', '16:59:00', '01:59:00'),
(197, 1, '2025-02-04', '17:04:00', '01:58:00'),
(198, 1, '2025-02-28', '16:56:00', '02:01:00'),
(199, 1, '2025-02-27', '16:58:00', '01:59:00'),
(200, 1, '2025-02-23', '16:56:00', '02:03:00'),
(201, 2, '2025-02-03', '07:56:00', '16:55:00'),
(202, 2, '2025-02-17', '07:57:00', '17:03:00'),
(203, 2, '2025-02-13', '08:05:00', '17:01:00'),
(204, 2, '2025-02-25', '08:04:00', '17:05:00'),
(205, 2, '2025-02-24', '08:00:00', '17:00:00'),
(206, 2, '2025-02-01', '07:55:00', '17:02:00'),
(207, 2, '2025-02-19', '08:04:00', '16:56:00'),
(208, 2, '2025-02-22', '07:57:00', '17:00:00'),
(209, 2, '2025-02-16', '08:01:00', '17:03:00'),
(210, 2, '2025-02-15', '08:03:00', '17:05:00'),
(211, 2, '2025-02-09', '08:03:00', '17:01:00'),
(212, 2, '2025-02-07', '08:04:00', '17:02:00'),
(213, 2, '2025-02-06', '07:55:00', '16:55:00'),
(214, 2, '2025-02-26', '08:02:00', '17:00:00'),
(215, 2, '2025-02-11', '08:04:00', '16:59:00'),
(216, 2, '2025-02-18', '08:01:00', '16:58:00'),
(217, 2, '2025-02-08', '07:55:00', '17:05:00'),
(218, 2, '2025-02-20', '08:00:00', '16:59:00'),
(219, 2, '2025-02-21', '08:00:00', '16:59:00'),
(220, 2, '2025-02-10', '08:04:00', '16:58:00'),
(221, 2, '2025-02-02', '08:04:00', '16:59:00'),
(222, 2, '2025-02-04', '08:05:00', '17:05:00'),
(223, 2, '2025-02-28', '08:04:00', '16:57:00'),
(224, 2, '2025-02-27', '07:59:00', '17:05:00'),
(225, 2, '2025-02-23', '08:01:00', '17:04:00'),
(226, 3, '2025-02-03', '16:55:00', '02:05:00'),
(227, 3, '2025-02-17', '17:04:00', '02:02:00'),
(228, 3, '2025-02-13', '17:01:00', '01:58:00'),
(229, 3, '2025-02-25', '17:03:00', '02:05:00'),
(230, 3, '2025-02-24', '17:05:00', '01:57:00'),
(231, 3, '2025-02-01', '17:03:00', '01:57:00'),
(232, 3, '2025-02-19', '17:02:00', '02:00:00'),
(233, 3, '2025-02-22', '16:57:00', '01:55:00'),
(234, 3, '2025-02-16', '16:59:00', '01:55:00'),
(235, 3, '2025-02-15', '17:03:00', '01:57:00'),
(236, 3, '2025-02-09', '17:04:00', '01:58:00'),
(237, 3, '2025-02-07', '16:57:00', '01:57:00'),
(238, 3, '2025-02-06', '17:04:00', '02:00:00'),
(239, 3, '2025-02-26', '17:02:00', '01:58:00'),
(240, 3, '2025-02-11', '16:55:00', '01:59:00'),
(241, 3, '2025-02-18', '17:05:00', '01:58:00'),
(242, 3, '2025-02-08', '16:57:00', '01:58:00'),
(243, 3, '2025-02-20', '17:02:00', '02:02:00'),
(244, 3, '2025-02-21', '16:57:00', '01:58:00'),
(245, 3, '2025-02-10', '17:02:00', '01:59:00'),
(246, 3, '2025-02-02', '16:57:00', '02:02:00'),
(247, 3, '2025-02-04', '16:59:00', '02:00:00'),
(248, 3, '2025-02-28', '17:01:00', '02:03:00'),
(249, 3, '2025-02-27', '16:56:00', '02:00:00'),
(250, 3, '2025-02-23', '16:57:00', '02:01:00'),
(251, 4, '2025-02-03', '08:00:00', '16:56:00'),
(252, 4, '2025-02-17', '08:04:00', '16:55:00'),
(253, 4, '2025-02-13', '07:59:00', '17:01:00'),
(254, 4, '2025-02-25', '07:56:00', '17:00:00'),
(255, 4, '2025-02-24', '07:58:00', '17:01:00'),
(256, 4, '2025-02-01', '08:00:00', '17:04:00'),
(257, 4, '2025-02-19', '08:00:00', '17:02:00'),
(258, 4, '2025-02-22', '07:56:00', '16:59:00'),
(259, 4, '2025-02-16', '07:59:00', '16:59:00'),
(260, 4, '2025-02-15', '08:03:00', '17:04:00'),
(261, 4, '2025-02-09', '07:57:00', '16:56:00'),
(262, 4, '2025-02-07', '07:58:00', '17:05:00'),
(263, 4, '2025-02-06', '08:02:00', '17:02:00'),
(264, 4, '2025-02-26', '07:59:00', '16:57:00'),
(265, 4, '2025-02-11', '08:03:00', '17:00:00'),
(266, 4, '2025-02-18', '08:05:00', '16:59:00'),
(267, 4, '2025-02-08', '07:57:00', '17:05:00'),
(268, 4, '2025-02-20', '08:03:00', '16:55:00'),
(269, 4, '2025-02-21', '08:04:00', '17:01:00'),
(270, 4, '2025-02-10', '07:55:00', '17:05:00'),
(271, 4, '2025-02-02', '07:57:00', '16:55:00'),
(272, 4, '2025-02-04', '07:59:00', '16:58:00'),
(273, 4, '2025-02-28', '07:56:00', '16:56:00'),
(274, 4, '2025-02-27', '08:01:00', '17:03:00'),
(275, 4, '2025-02-23', '07:55:00', '17:00:00'),
(276, 5, '2025-02-03', '08:05:00', '16:57:00'),
(277, 5, '2025-02-17', '07:56:00', '16:57:00'),
(278, 5, '2025-02-13', '08:00:00', '17:03:00'),
(279, 5, '2025-02-25', '08:01:00', '17:04:00'),
(280, 5, '2025-02-24', '07:59:00', '17:04:00'),
(281, 5, '2025-02-01', '07:59:00', '16:59:00'),
(282, 5, '2025-02-19', '08:00:00', '16:56:00'),
(283, 5, '2025-02-22', '07:56:00', '16:59:00'),
(284, 5, '2025-02-16', '07:59:00', '17:05:00'),
(285, 5, '2025-02-15', '07:59:00', '16:59:00'),
(286, 5, '2025-02-09', '08:00:00', '16:57:00'),
(287, 5, '2025-02-07', '08:05:00', '16:57:00'),
(288, 5, '2025-02-06', '08:05:00', '16:57:00'),
(289, 5, '2025-02-26', '08:05:00', '16:56:00'),
(290, 5, '2025-02-11', '07:59:00', '17:05:00'),
(291, 5, '2025-02-18', '08:04:00', '17:00:00'),
(292, 5, '2025-02-08', '08:03:00', '17:05:00'),
(293, 5, '2025-02-20', '08:04:00', '16:58:00'),
(294, 5, '2025-02-21', '08:02:00', '17:01:00'),
(295, 5, '2025-02-10', '08:03:00', '17:02:00'),
(296, 5, '2025-02-02', '07:55:00', '16:59:00'),
(297, 5, '2025-02-04', '07:55:00', '17:05:00'),
(298, 5, '2025-02-28', '08:03:00', '16:59:00'),
(299, 5, '2025-02-27', '08:01:00', '17:05:00'),
(300, 5, '2025-02-23', '07:58:00', '16:57:00'),
(301, 6, '2025-02-03', '07:55:00', '16:56:00'),
(302, 6, '2025-02-17', '08:00:00', '16:56:00'),
(303, 6, '2025-02-13', '07:56:00', '16:59:00'),
(304, 6, '2025-02-25', '07:55:00', '16:58:00'),
(305, 6, '2025-02-24', '08:01:00', '16:59:00'),
(306, 6, '2025-02-01', '08:02:00', '17:01:00'),
(307, 6, '2025-02-19', '07:55:00', '17:01:00'),
(308, 6, '2025-02-22', '07:59:00', '16:59:00'),
(309, 6, '2025-02-16', '08:03:00', '16:57:00'),
(310, 6, '2025-02-15', '07:57:00', '16:57:00'),
(311, 6, '2025-02-09', '08:00:00', '17:00:00'),
(312, 6, '2025-02-07', '08:04:00', '16:55:00'),
(313, 6, '2025-02-06', '07:57:00', '16:58:00'),
(314, 6, '2025-02-26', '08:00:00', '17:04:00'),
(315, 6, '2025-02-11', '07:55:00', '16:55:00'),
(316, 6, '2025-02-18', '07:58:00', '16:58:00'),
(317, 6, '2025-02-08', '08:05:00', '17:01:00'),
(318, 6, '2025-02-20', '08:02:00', '17:05:00'),
(319, 6, '2025-02-21', '07:58:00', '16:57:00'),
(320, 6, '2025-02-10', '08:04:00', '16:56:00'),
(321, 6, '2025-02-02', '07:56:00', '17:04:00'),
(322, 6, '2025-02-04', '08:00:00', '17:02:00'),
(323, 6, '2025-02-28', '08:00:00', '16:58:00'),
(324, 6, '2025-02-27', '08:04:00', '16:58:00'),
(325, 6, '2025-02-23', '08:04:00', '16:59:00'),
(326, 7, '2025-02-03', '07:59:00', '17:01:00'),
(327, 7, '2025-02-17', '07:59:00', '17:02:00'),
(328, 7, '2025-02-13', '08:03:00', '16:56:00'),
(329, 7, '2025-02-25', '07:59:00', '17:03:00'),
(330, 7, '2025-02-24', '08:02:00', '17:03:00'),
(331, 7, '2025-02-01', '08:04:00', '17:05:00'),
(332, 7, '2025-02-19', '07:58:00', '16:59:00'),
(333, 7, '2025-02-22', '08:03:00', '16:58:00'),
(334, 7, '2025-02-16', '08:00:00', '17:00:00'),
(335, 7, '2025-02-15', '07:56:00', '16:58:00'),
(336, 7, '2025-02-09', '07:59:00', '16:59:00'),
(337, 7, '2025-02-07', '07:56:00', '17:05:00'),
(338, 7, '2025-02-06', '07:55:00', '17:05:00'),
(339, 7, '2025-02-26', '07:57:00', '17:05:00'),
(340, 7, '2025-02-11', '08:02:00', '16:59:00'),
(341, 7, '2025-02-18', '07:58:00', '17:04:00'),
(342, 7, '2025-02-08', '07:55:00', '16:57:00'),
(343, 7, '2025-02-20', '07:59:00', '17:00:00'),
(344, 7, '2025-02-21', '07:58:00', '17:03:00'),
(345, 7, '2025-02-10', '08:02:00', '16:55:00'),
(346, 7, '2025-02-02', '08:03:00', '17:01:00'),
(347, 7, '2025-02-04', '08:02:00', '16:56:00'),
(348, 7, '2025-02-28', '07:55:00', '16:55:00'),
(349, 7, '2025-02-27', '08:00:00', '16:55:00'),
(350, 7, '2025-02-23', '08:00:00', '16:57:00'),
(351, 1, '2025-03-03', '17:00:00', '01:57:00'),
(352, 1, '2025-03-10', '17:04:00', '02:03:00'),
(353, 1, '2025-03-11', '16:55:00', '01:55:00'),
(354, 1, '2025-03-01', '16:56:00', '02:04:00'),
(355, 1, '2025-03-02', '17:01:00', '01:58:00'),
(356, 1, '2025-03-22', '16:58:00', '01:56:00'),
(357, 1, '2025-03-09', '16:58:00', '02:03:00'),
(358, 1, '2025-03-17', '16:57:00', '02:02:00'),
(359, 1, '2025-03-16', '17:01:00', '01:57:00'),
(360, 1, '2025-03-13', '16:58:00', '01:55:00'),
(361, 1, '2025-03-23', '17:03:00', '01:56:00'),
(362, 1, '2025-03-07', '17:00:00', '02:02:00'),
(363, 1, '2025-03-21', '16:55:00', '01:56:00'),
(364, 1, '2025-03-24', '17:01:00', '02:03:00'),
(365, 1, '2025-03-29', '17:05:00', '02:01:00'),
(366, 1, '2025-03-20', '16:59:00', '01:59:00'),
(367, 1, '2025-03-26', '17:04:00', '01:57:00'),
(368, 1, '2025-03-05', '16:55:00', '02:04:00'),
(369, 1, '2025-03-30', '17:05:00', '02:02:00'),
(370, 1, '2025-03-28', '16:58:00', '02:02:00'),
(371, 1, '2025-03-19', '16:59:00', '01:55:00'),
(372, 1, '2025-03-27', '17:00:00', '02:05:00'),
(373, 1, '2025-03-31', '17:04:00', '02:05:00'),
(374, 1, '2025-03-06', '17:01:00', '01:57:00'),
(375, 1, '2025-03-08', '16:57:00', '02:02:00'),
(376, 2, '2025-03-03', '08:00:00', '16:56:00'),
(377, 2, '2025-03-10', '08:02:00', '17:03:00'),
(378, 2, '2025-03-11', '08:04:00', '16:58:00'),
(379, 2, '2025-03-01', '07:56:00', '17:03:00'),
(380, 2, '2025-03-02', '08:01:00', '16:58:00'),
(381, 2, '2025-03-22', '07:56:00', '17:02:00'),
(382, 2, '2025-03-09', '08:04:00', '17:02:00'),
(383, 2, '2025-03-17', '07:59:00', '16:57:00'),
(384, 2, '2025-03-16', '08:03:00', '16:56:00'),
(385, 2, '2025-03-13', '07:59:00', '16:55:00'),
(386, 2, '2025-03-23', '08:03:00', '16:56:00'),
(387, 2, '2025-03-07', '07:55:00', '17:03:00'),
(388, 2, '2025-03-21', '07:57:00', '16:58:00'),
(389, 2, '2025-03-24', '08:03:00', '17:05:00'),
(390, 2, '2025-03-29', '07:57:00', '16:59:00'),
(391, 2, '2025-03-20', '07:59:00', '17:05:00'),
(392, 2, '2025-03-26', '08:05:00', '17:03:00'),
(393, 2, '2025-03-05', '08:02:00', '16:57:00'),
(394, 2, '2025-03-30', '07:57:00', '17:04:00'),
(395, 2, '2025-03-28', '08:04:00', '17:03:00'),
(396, 2, '2025-03-19', '08:00:00', '16:59:00'),
(397, 2, '2025-03-27', '08:00:00', '16:55:00'),
(398, 2, '2025-03-31', '08:03:00', '16:58:00'),
(399, 2, '2025-03-06', '07:58:00', '17:02:00'),
(400, 2, '2025-03-08', '07:59:00', '16:57:00'),
(401, 3, '2025-03-03', '17:01:00', '01:57:00'),
(402, 3, '2025-03-10', '17:01:00', '01:58:00'),
(403, 3, '2025-03-11', '17:01:00', '02:03:00'),
(404, 3, '2025-03-01', '16:56:00', '01:57:00'),
(405, 3, '2025-03-02', '17:04:00', '02:00:00'),
(406, 3, '2025-03-22', '16:55:00', '02:02:00'),
(407, 3, '2025-03-09', '16:59:00', '01:55:00'),
(408, 3, '2025-03-17', '17:03:00', '02:03:00'),
(409, 3, '2025-03-16', '17:04:00', '01:57:00'),
(410, 3, '2025-03-13', '16:58:00', '01:55:00'),
(411, 3, '2025-03-23', '17:03:00', '02:04:00'),
(412, 3, '2025-03-07', '16:55:00', '02:00:00'),
(413, 3, '2025-03-21', '17:04:00', '01:57:00'),
(414, 3, '2025-03-24', '17:02:00', '02:04:00'),
(415, 3, '2025-03-29', '17:03:00', '01:55:00'),
(416, 3, '2025-03-20', '16:56:00', '01:55:00'),
(417, 3, '2025-03-26', '17:00:00', '02:05:00'),
(418, 3, '2025-03-05', '16:58:00', '02:00:00'),
(419, 3, '2025-03-30', '16:55:00', '02:02:00'),
(420, 3, '2025-03-28', '17:02:00', '02:05:00'),
(421, 3, '2025-03-19', '16:58:00', '02:01:00'),
(422, 3, '2025-03-27', '16:55:00', '01:57:00'),
(423, 3, '2025-03-31', '16:55:00', '01:59:00'),
(424, 3, '2025-03-06', '17:05:00', '01:55:00'),
(425, 3, '2025-03-08', '16:55:00', '01:56:00'),
(426, 4, '2025-03-03', '08:04:00', '17:04:00'),
(427, 4, '2025-03-10', '07:57:00', '16:59:00'),
(428, 4, '2025-03-11', '08:01:00', '17:01:00'),
(429, 4, '2025-03-01', '08:01:00', '16:55:00'),
(430, 4, '2025-03-02', '08:04:00', '16:56:00'),
(431, 4, '2025-03-22', '08:01:00', '17:02:00'),
(432, 4, '2025-03-09', '08:01:00', '16:59:00'),
(433, 4, '2025-03-17', '08:01:00', '17:03:00'),
(434, 4, '2025-03-16', '07:58:00', '16:55:00'),
(435, 4, '2025-03-13', '08:01:00', '17:03:00'),
(436, 4, '2025-03-23', '08:05:00', '17:05:00'),
(437, 4, '2025-03-07', '08:04:00', '16:56:00'),
(438, 4, '2025-03-21', '07:55:00', '17:00:00'),
(439, 4, '2025-03-24', '08:01:00', '16:56:00'),
(440, 4, '2025-03-29', '08:04:00', '17:01:00'),
(441, 4, '2025-03-20', '08:01:00', '16:57:00'),
(442, 4, '2025-03-26', '08:03:00', '16:56:00'),
(443, 4, '2025-03-05', '08:02:00', '16:55:00'),
(444, 4, '2025-03-30', '08:02:00', '17:01:00'),
(445, 4, '2025-03-28', '07:56:00', '17:01:00'),
(446, 4, '2025-03-19', '08:04:00', '16:55:00'),
(447, 4, '2025-03-27', '08:00:00', '17:01:00'),
(448, 4, '2025-03-31', '07:58:00', '17:00:00'),
(449, 4, '2025-03-06', '07:58:00', '17:03:00'),
(450, 4, '2025-03-08', '08:05:00', '17:05:00'),
(451, 5, '2025-03-03', '08:01:00', '17:05:00'),
(452, 5, '2025-03-10', '07:55:00', '16:56:00'),
(453, 5, '2025-03-11', '08:04:00', '17:01:00'),
(454, 5, '2025-03-01', '08:05:00', '17:05:00'),
(455, 5, '2025-03-02', '07:58:00', '16:58:00'),
(456, 5, '2025-03-22', '08:01:00', '16:59:00'),
(457, 5, '2025-03-09', '07:57:00', '17:04:00'),
(458, 5, '2025-03-17', '08:02:00', '16:56:00'),
(459, 5, '2025-03-16', '08:00:00', '17:02:00'),
(460, 5, '2025-03-13', '07:58:00', '17:01:00'),
(461, 5, '2025-03-23', '08:01:00', '16:58:00'),
(462, 5, '2025-03-07', '07:58:00', '17:05:00'),
(463, 5, '2025-03-21', '07:55:00', '17:04:00'),
(464, 5, '2025-03-24', '07:58:00', '17:04:00'),
(465, 5, '2025-03-29', '07:59:00', '17:00:00'),
(466, 5, '2025-03-20', '07:55:00', '17:04:00'),
(467, 5, '2025-03-26', '07:56:00', '17:00:00'),
(468, 5, '2025-03-05', '07:58:00', '17:03:00'),
(469, 5, '2025-03-30', '08:05:00', '17:02:00'),
(470, 5, '2025-03-28', '08:03:00', '16:56:00'),
(471, 5, '2025-03-19', '08:03:00', '17:04:00'),
(472, 5, '2025-03-27', '07:58:00', '16:55:00'),
(473, 5, '2025-03-31', '07:56:00', '16:58:00'),
(474, 5, '2025-03-06', '08:02:00', '16:57:00'),
(475, 5, '2025-03-08', '08:01:00', '17:00:00'),
(476, 6, '2025-03-03', '07:57:00', '16:56:00'),
(477, 6, '2025-03-10', '08:01:00', '16:59:00'),
(478, 6, '2025-03-11', '07:55:00', '17:05:00'),
(479, 6, '2025-03-01', '08:05:00', '16:55:00'),
(480, 6, '2025-03-02', '07:55:00', '16:58:00'),
(481, 6, '2025-03-22', '07:58:00', '16:56:00'),
(482, 6, '2025-03-09', '08:04:00', '16:58:00'),
(483, 6, '2025-03-17', '07:58:00', '16:59:00'),
(484, 6, '2025-03-16', '08:05:00', '16:56:00'),
(485, 6, '2025-03-13', '07:57:00', '17:05:00'),
(486, 6, '2025-03-23', '07:55:00', '16:55:00'),
(487, 6, '2025-03-07', '08:05:00', '17:05:00'),
(488, 6, '2025-03-21', '08:02:00', '17:05:00'),
(489, 6, '2025-03-24', '07:56:00', '17:04:00'),
(490, 6, '2025-03-29', '08:01:00', '17:02:00'),
(491, 6, '2025-03-20', '07:59:00', '17:01:00'),
(492, 6, '2025-03-26', '08:01:00', '16:55:00'),
(493, 6, '2025-03-05', '07:58:00', '17:04:00'),
(494, 6, '2025-03-30', '08:03:00', '16:56:00'),
(495, 6, '2025-03-28', '07:55:00', '16:56:00'),
(496, 6, '2025-03-19', '08:01:00', '17:01:00'),
(497, 6, '2025-03-27', '07:56:00', '16:56:00'),
(498, 6, '2025-03-31', '08:02:00', '17:00:00'),
(499, 6, '2025-03-06', '08:00:00', '16:58:00'),
(500, 6, '2025-03-08', '08:02:00', '17:02:00'),
(501, 7, '2025-03-03', '07:55:00', '17:00:00'),
(502, 7, '2025-03-10', '07:58:00', '16:57:00'),
(503, 7, '2025-03-11', '07:57:00', '16:55:00'),
(504, 7, '2025-03-01', '07:55:00', '17:04:00'),
(505, 7, '2025-03-02', '07:59:00', '17:03:00'),
(506, 7, '2025-03-22', '08:01:00', '16:55:00'),
(507, 7, '2025-03-09', '07:58:00', '16:56:00'),
(508, 7, '2025-03-17', '07:57:00', '16:58:00'),
(509, 7, '2025-03-16', '07:58:00', '17:01:00'),
(510, 7, '2025-03-13', '08:03:00', '17:00:00'),
(511, 7, '2025-03-23', '07:59:00', '17:04:00'),
(512, 7, '2025-03-07', '07:59:00', '16:59:00'),
(513, 7, '2025-03-21', '07:59:00', '17:04:00'),
(514, 7, '2025-03-24', '07:57:00', '16:59:00'),
(515, 7, '2025-03-29', '08:05:00', '17:00:00'),
(516, 7, '2025-03-20', '07:59:00', '16:57:00'),
(517, 7, '2025-03-26', '08:02:00', '16:55:00'),
(518, 7, '2025-03-05', '07:58:00', '17:05:00'),
(519, 7, '2025-03-30', '08:02:00', '16:56:00'),
(520, 7, '2025-03-28', '08:05:00', '17:03:00'),
(521, 7, '2025-03-19', '08:01:00', '16:58:00'),
(522, 7, '2025-03-27', '08:00:00', '16:57:00'),
(523, 7, '2025-03-31', '08:01:00', '17:00:00'),
(524, 7, '2025-03-06', '07:58:00', '17:05:00'),
(525, 7, '2025-03-08', '08:04:00', '17:03:00'),
(526, 1, '2025-04-08', '16:59:00', '01:56:00'),
(527, 1, '2025-04-22', '17:00:00', '01:58:00'),
(528, 1, '2025-04-26', '17:05:00', '02:03:00'),
(529, 1, '2025-04-17', '17:05:00', '02:03:00'),
(530, 1, '2025-04-13', '17:03:00', '02:02:00'),
(531, 1, '2025-04-16', '17:00:00', '02:00:00'),
(532, 1, '2025-04-25', '16:59:00', '02:00:00'),
(533, 1, '2025-04-11', '17:04:00', '02:01:00'),
(534, 1, '2025-04-18', '17:02:00', '01:58:00'),
(535, 1, '2025-04-21', '16:57:00', '02:04:00'),
(536, 1, '2025-04-27', '16:59:00', '01:55:00'),
(537, 1, '2025-04-01', '17:04:00', '02:02:00'),
(538, 1, '2025-04-23', '16:58:00', '02:00:00'),
(539, 1, '2025-04-29', '17:01:00', '02:02:00'),
(540, 1, '2025-04-28', '16:56:00', '02:00:00'),
(541, 1, '2025-04-19', '16:55:00', '02:04:00'),
(542, 1, '2025-04-06', '16:56:00', '01:55:00'),
(543, 1, '2025-04-07', '16:55:00', '02:03:00'),
(544, 1, '2025-04-30', '16:57:00', '01:59:00'),
(545, 1, '2025-04-20', '16:55:00', '02:01:00'),
(546, 1, '2025-04-03', '16:57:00', '02:05:00'),
(547, 1, '2025-04-12', '16:58:00', '02:02:00'),
(548, 1, '2025-04-10', '16:58:00', '02:05:00'),
(549, 1, '2025-04-14', '17:01:00', '02:00:00'),
(550, 1, '2025-04-09', '17:03:00', '02:00:00'),
(551, 2, '2025-04-08', '08:04:00', '16:58:00'),
(552, 2, '2025-04-22', '07:59:00', '16:57:00'),
(553, 2, '2025-04-26', '07:58:00', '17:04:00'),
(554, 2, '2025-04-17', '08:01:00', '16:56:00'),
(555, 2, '2025-04-13', '08:03:00', '17:02:00'),
(556, 2, '2025-04-16', '08:05:00', '17:00:00'),
(557, 2, '2025-04-25', '07:59:00', '17:04:00'),
(558, 2, '2025-04-11', '07:57:00', '17:00:00'),
(559, 2, '2025-04-18', '07:55:00', '17:05:00'),
(560, 2, '2025-04-21', '08:02:00', '16:58:00'),
(561, 2, '2025-04-27', '08:02:00', '16:56:00'),
(562, 2, '2025-04-01', '08:02:00', '16:55:00'),
(563, 2, '2025-04-23', '08:03:00', '16:59:00'),
(564, 2, '2025-04-29', '08:04:00', '16:58:00'),
(565, 2, '2025-04-28', '07:57:00', '16:55:00'),
(566, 2, '2025-04-19', '08:02:00', '17:03:00'),
(567, 2, '2025-04-06', '07:56:00', '16:58:00'),
(568, 2, '2025-04-07', '07:56:00', '17:02:00'),
(569, 2, '2025-04-30', '07:56:00', '17:04:00'),
(570, 2, '2025-04-20', '07:59:00', '16:58:00'),
(571, 2, '2025-04-03', '07:59:00', '17:03:00'),
(572, 2, '2025-04-12', '07:55:00', '16:57:00'),
(573, 2, '2025-04-10', '07:55:00', '16:55:00'),
(574, 2, '2025-04-14', '08:00:00', '17:04:00'),
(575, 2, '2025-04-09', '07:58:00', '17:00:00'),
(576, 3, '2025-04-08', '16:56:00', '01:56:00'),
(577, 3, '2025-04-22', '16:58:00', '02:01:00'),
(578, 3, '2025-04-26', '17:05:00', '01:55:00'),
(579, 3, '2025-04-17', '17:01:00', '02:01:00'),
(580, 3, '2025-04-13', '16:56:00', '01:55:00'),
(581, 3, '2025-04-16', '17:05:00', '02:02:00'),
(582, 3, '2025-04-25', '17:00:00', '02:03:00'),
(583, 3, '2025-04-11', '16:59:00', '01:57:00'),
(584, 3, '2025-04-18', '16:55:00', '01:57:00'),
(585, 3, '2025-04-21', '17:02:00', '01:57:00'),
(586, 3, '2025-04-27', '17:03:00', '02:03:00'),
(587, 3, '2025-04-01', '17:00:00', '02:04:00'),
(588, 3, '2025-04-23', '16:55:00', '01:55:00'),
(589, 3, '2025-04-29', '17:01:00', '01:57:00'),
(590, 3, '2025-04-28', '17:01:00', '02:01:00'),
(591, 3, '2025-04-19', '17:01:00', '01:59:00'),
(592, 3, '2025-04-06', '17:04:00', '01:57:00'),
(593, 3, '2025-04-07', '17:03:00', '02:02:00'),
(594, 3, '2025-04-30', '16:59:00', '02:00:00'),
(595, 3, '2025-04-20', '17:01:00', '01:58:00'),
(596, 3, '2025-04-03', '17:00:00', '02:05:00'),
(597, 3, '2025-04-12', '16:56:00', '02:03:00'),
(598, 3, '2025-04-10', '16:58:00', '01:55:00'),
(599, 3, '2025-04-14', '16:59:00', '02:02:00'),
(600, 3, '2025-04-09', '17:04:00', '02:03:00'),
(601, 4, '2025-04-08', '07:57:00', '16:56:00'),
(602, 4, '2025-04-22', '07:59:00', '16:59:00'),
(603, 4, '2025-04-26', '08:03:00', '16:59:00'),
(604, 4, '2025-04-17', '07:56:00', '17:00:00'),
(605, 4, '2025-04-13', '07:55:00', '16:56:00'),
(606, 4, '2025-04-16', '08:01:00', '16:55:00'),
(607, 4, '2025-04-25', '08:01:00', '16:57:00'),
(608, 4, '2025-04-11', '08:03:00', '17:01:00'),
(609, 4, '2025-04-18', '07:58:00', '16:59:00'),
(610, 4, '2025-04-21', '08:00:00', '17:05:00'),
(611, 4, '2025-04-27', '08:02:00', '16:55:00'),
(612, 4, '2025-04-01', '08:04:00', '16:59:00'),
(613, 4, '2025-04-23', '07:59:00', '17:05:00'),
(614, 4, '2025-04-29', '07:59:00', '17:01:00'),
(615, 4, '2025-04-28', '07:59:00', '16:55:00'),
(616, 4, '2025-04-19', '08:05:00', '17:02:00'),
(617, 4, '2025-04-06', '08:05:00', '17:04:00'),
(618, 4, '2025-04-07', '08:02:00', '17:01:00'),
(619, 4, '2025-04-30', '08:04:00', '16:59:00'),
(620, 4, '2025-04-20', '07:59:00', '16:55:00'),
(621, 4, '2025-04-03', '07:57:00', '16:56:00'),
(622, 4, '2025-04-12', '08:02:00', '16:56:00'),
(623, 4, '2025-04-10', '07:59:00', '17:04:00'),
(624, 4, '2025-04-14', '08:00:00', '17:02:00'),
(625, 4, '2025-04-09', '07:55:00', '17:05:00'),
(626, 5, '2025-04-08', '08:02:00', '16:57:00'),
(627, 5, '2025-04-22', '07:59:00', '16:59:00'),
(628, 5, '2025-04-26', '07:57:00', '17:05:00'),
(629, 5, '2025-04-17', '07:59:00', '17:04:00'),
(630, 5, '2025-04-13', '07:59:00', '16:59:00'),
(631, 5, '2025-04-16', '07:55:00', '16:55:00'),
(632, 5, '2025-04-25', '07:55:00', '17:04:00'),
(633, 5, '2025-04-11', '08:02:00', '17:03:00'),
(634, 5, '2025-04-18', '08:01:00', '17:01:00'),
(635, 5, '2025-04-21', '08:04:00', '17:02:00'),
(636, 5, '2025-04-27', '07:55:00', '17:05:00'),
(637, 5, '2025-04-01', '08:03:00', '17:05:00'),
(638, 5, '2025-04-23', '07:58:00', '17:05:00'),
(639, 5, '2025-04-29', '08:03:00', '17:01:00'),
(640, 5, '2025-04-28', '07:59:00', '16:57:00'),
(641, 5, '2025-04-19', '07:59:00', '17:02:00'),
(642, 5, '2025-04-06', '08:00:00', '17:02:00'),
(643, 5, '2025-04-07', '08:00:00', '17:02:00'),
(644, 5, '2025-04-30', '08:02:00', '16:57:00'),
(645, 5, '2025-04-20', '07:56:00', '17:04:00'),
(646, 5, '2025-04-03', '08:01:00', '17:03:00'),
(647, 5, '2025-04-12', '08:01:00', '17:00:00'),
(648, 5, '2025-04-10', '08:02:00', '17:04:00'),
(649, 5, '2025-04-14', '08:04:00', '16:56:00'),
(650, 5, '2025-04-09', '07:55:00', '17:05:00'),
(651, 6, '2025-04-08', '08:04:00', '16:57:00'),
(652, 6, '2025-04-22', '07:59:00', '16:56:00'),
(653, 6, '2025-04-26', '08:03:00', '17:01:00'),
(654, 6, '2025-04-17', '08:00:00', '17:00:00'),
(655, 6, '2025-04-13', '08:03:00', '16:58:00'),
(656, 6, '2025-04-16', '07:55:00', '16:59:00'),
(657, 6, '2025-04-25', '07:56:00', '17:01:00'),
(658, 6, '2025-04-11', '08:04:00', '16:57:00'),
(659, 6, '2025-04-18', '08:00:00', '16:56:00'),
(660, 6, '2025-04-21', '08:03:00', '17:00:00'),
(661, 6, '2025-04-27', '08:05:00', '17:00:00'),
(662, 6, '2025-04-01', '07:55:00', '17:01:00'),
(663, 6, '2025-04-23', '08:00:00', '17:05:00'),
(664, 6, '2025-04-29', '08:02:00', '17:04:00'),
(665, 6, '2025-04-28', '07:57:00', '16:57:00'),
(666, 6, '2025-04-19', '08:05:00', '17:01:00'),
(667, 6, '2025-04-06', '08:03:00', '16:55:00'),
(668, 6, '2025-04-07', '07:59:00', '16:56:00'),
(669, 6, '2025-04-30', '07:59:00', '16:56:00'),
(670, 6, '2025-04-20', '07:58:00', '16:58:00'),
(671, 6, '2025-04-03', '08:04:00', '16:58:00'),
(672, 6, '2025-04-12', '08:01:00', '16:57:00'),
(673, 6, '2025-04-10', '07:59:00', '17:02:00'),
(674, 6, '2025-04-14', '08:00:00', '17:04:00'),
(675, 6, '2025-04-09', '08:04:00', '17:05:00'),
(676, 7, '2025-04-08', '07:58:00', '17:05:00'),
(677, 7, '2025-04-22', '08:03:00', '17:04:00'),
(678, 7, '2025-04-26', '08:02:00', '17:02:00'),
(679, 7, '2025-04-17', '08:02:00', '17:05:00'),
(680, 7, '2025-04-13', '08:01:00', '16:55:00'),
(681, 7, '2025-04-16', '07:56:00', '17:03:00'),
(682, 7, '2025-04-25', '07:59:00', '16:58:00'),
(683, 7, '2025-04-11', '07:58:00', '17:04:00'),
(684, 7, '2025-04-18', '08:01:00', '17:02:00'),
(685, 7, '2025-04-21', '08:05:00', '16:59:00'),
(686, 7, '2025-04-27', '07:58:00', '16:57:00'),
(687, 7, '2025-04-01', '07:59:00', '16:59:00'),
(688, 7, '2025-04-23', '08:04:00', '17:03:00'),
(689, 7, '2025-04-29', '07:55:00', '17:03:00'),
(690, 7, '2025-04-28', '07:59:00', '16:55:00'),
(691, 7, '2025-04-19', '08:00:00', '16:55:00'),
(692, 7, '2025-04-06', '07:58:00', '17:05:00'),
(693, 7, '2025-04-07', '07:56:00', '16:58:00'),
(694, 7, '2025-04-30', '08:00:00', '16:55:00'),
(695, 7, '2025-04-20', '07:58:00', '16:58:00'),
(696, 7, '2025-04-03', '08:04:00', '16:58:00'),
(697, 7, '2025-04-12', '08:05:00', '16:59:00'),
(698, 7, '2025-04-10', '07:58:00', '17:00:00'),
(699, 7, '2025-04-14', '08:03:00', '17:03:00'),
(700, 7, '2025-04-09', '08:03:00', '16:59:00');

UPDATE bill_Detail_Users bdu
JOIN services s ON bdu.service_id = s.service_id
SET bdu.price = s.price;